{
  "project_info": {
    "project_number": "199892775344",
    "firebase_url": "https://uz-hahah-ecity.firebaseio.com",
    "project_id": "uz-hahah-ecity",
    "storage_bucket": "uz-hahah-ecity.appspot.com"
  },
  "client": [
    {
      "client_info": {
        "mobilesdk_app_id": "1:199892775344:android:be6d3f4627f9702f",
        "android_client_info": {
          "package_name": "uz.hahah.ecity.e_city"
        }
      },
      "oauth_client": [
        {
          "client_id": "199892775344-ojr07fk463896m0ijq57v93c1utju5ec.apps.googleusercontent.com",
          "client_type": 1,
          "android_info": {
            "package_name": "uz.hahah.ecity.e_city",
            "certificate_hash": "adfa4a6ac72e48900ad7f76e0461b9aa15553e4d"
          }
        },
        {
          "client_id": "199892775344-t7s0tlme9orad9eold4kd7udmiu0i675.apps.googleusercontent.com",
          "client_type": 3
        }
      ],
      "api_key": [
        {
          "current_key": "AIzaSyDBNCmGKdwpq47gj9PBIdAWNSwsDnOL_MQ"
        }
      ],
      "services": {
        "analytics_service": {
          "status": 1
        },
        "appinvite_service": {
          "status": 2,
          "other_platform_oauth_client": [
            {
              "client_id": "199892775344-t7s0tlme9orad9eold4kd7udmiu0i675.apps.googleusercontent.com",
              "client_type": 3
            }
          ]
        },
        "ads_service": {
          "status": 2
        }
      }
    }
  ],
  "configuration_version": "1"
}